ROUTE_NO;STOP_NAME;TIMING;LATITUDE;LONGITUDE
1;"PADI SARAVANA STORES";06:15:00;13.101013;80.189666
1;DUNLOP;06:20:00;13.105155;80.152506
1;"AMBATTUR OT";06:25:00;13.119707;80.149838
1;"VANDALUR ";07:30:00;12.879026;80.080709
1;VIT;07:45:00;12.840658;80.153187
1A;THIRUMULLAIVAYAL;06:30:00;13.13078;80.133122
1A;AVADI;06:35:00;13.119727;80.103035
1A;"PATTABIRAM ";06:45:00;13.122571;80.061408
1A;"NEMILICHERY ";06:50:00;12.954299;80.159496
1A;"VANDALUR ";07:30:00;12.879026;80.080709
1A;VIT;07:45:00;12.840658;80.153187
2;AYANAVARAM;06:25:00;13.097558;80.241853
2;"ESI HOSPITAL";06:30:00;13.094133;80.241134
2;"KILPAUK GARDEN";06:40:00;13.082343;80.233699
2;"ANNA NAGAR CHINTHAMANI";06:45:00;13.085094;80.224244
2;"SHANTHI  COLANY";06:55:00;13.084926;80.213364
2;VANDALUR;07:40:00;12.879026;80.080709
2;"VIT ";07:50:00;12.840658;80.153187
2A;MADURAVOYAL;07:10:00;13.06137;80.163032
2A;"PORUR TOLL";07:15:00;13.03469;80.156385
2A;PERUNGALATHUR;07:35:00;12.905615;80.095901
2A;VANDALUR;07:40:00;12.879026;80.080709
2A;VIT;07:50:00;12.840658;80.153187
3;"ANNA NAGAR ROUNDTANA";06:30:00;13.084803;80.21586
3;THIRUMANGALAM;06:35:00;13.087033;80.198703
3;"GOLDEN FLATS";06:40:00;13.088287;80.179336
3;VANDALUR;07:25:00;12.879026;80.080709
3;VIT;07:45:00;12.840658;80.153187
3A;WAVIN;06:40:00;13.088652;80.171573
3A;NOLAMBUR;06:45:00;13.072092;80.167248
3A;"PORUR TOLL PLAZA";06:50:00;13.043935;80.149547
3A;VANDALUR;07:30:00;12.879026;80.080709
3A;VIT;07:45:00;12.840658;80.153187
4;NOLAMBUR;06:30:00;13.072157;80.167219
4;VANAGARAM;06:35:00;13.060401;80.154717
4;VANDALUR;07:30:00;12.879026;80.080709
4;VIT;07:45:00;12.840658;80.153187
4A;"MGR UNIVERSITY";06:40:00;13.065095;80.160784
4A;"MADURAVAYAL TOLL ";06:45:00;13.061368;80.162987
4A;"BYPASS PETROL BUNK";07:00:00;12.886241;80.083176
4A;VANDALUR;07:30:00;12.879026;80.080709
4A;VIT;07:45:00;12.840658;80.153187
5;"PERAMBUR CHURCH";06:10:00;13.108201;80.247622
5;VENUS;06:15:00;13.113705;80.23548
5;"THIRU. VI.KA NAGAR";06:18:00;13.119794;80.232389
5;"VIT UNIVERSITY";07:45:00;12.840658;80.153187
5A;"KOLATHUR POLICE STATION";06:20:00;13.129788;80.214467
5A;"SENTHIL NAGAR";06:25:00;13.12353;80.201536
5A;"PADI BRIDGE";06:35:00;13.102819;80.194566
5A;"VIT ";07:45:00;12.840658;80.153187
6;PURASAIWAKKAM;06:15:00;13.09061;80.251049
6;DASAPRAKASH;06:20:00;13.078719;80.25348
6;"GENGU REDDY SUB WAY";06:23:00;13.076365;80.252103
6;CHETPET;06:25:00;13.070021;80.242074
6;"VALLUVAR KOTTAM";06:35:00;13.053744;80.242161
6;VIT;07:50:00;12.840658;80.153187
6A;"POWER HOUSE";06:43:00;13.048052;80.219259
6A;"SAMIYAR MADAM";06:45:00;13.047229;80.21906
6A;"KASI THEATER";06:55:00;13.029621;80.208997
6A;"GST ROAD";07:10:00;13.077043;80.24
6A;VANDALUR;07:30:00;12.879026;80.080709
6A;VIT;07:50:00;12.840658;80.153187
7;"VIRUGAMPAKKAM AVICHI SCHOOL";06:35:00;13.047535;80.197822
7;VALASARAVAKKAM;06:40:00;13.040998;80.172861
7;VANDALUR;07:30:00;12.879026;80.080709
7;"VIT UNIVERSITY";07:50:00;12.840658;80.153187
7A;"PORUR JUNCTION";06:50:00;13.034678;80.156374
7A;BAIKADAI;06:55:00;13.019942;80.142513
7A;KOVUR;07:10:00;13.010752;80.114527
7A;"KUNDRATHUR BUS STAND";07:20:00;12.997459;80.096245
7A;"MADHA COLLEGE ";07:25:00;12.99459;80.08547
7A;VANDALUR;07:30:00;12.879026;80.080709
7A;"VIT UNIVERSITY";07:50:00;12.840658;80.153187
8;"K.K NAGAR DEPOT";06:30:00;13.035725;80.205549
8;SIVANPARK;06:35:00;13.04104;80.205189
8;VALASARAVAKKAM;06:40:00;13.041044;80.173672
8;VANDALUR;07:30:00;12.879026;80.080709
8;VIT;07:50:00;12.840658;80.153187
8A;KESAVARTHINI;06:50:00;13.042137;80.180467
8A;"PORUR JUNCTION";07:10:00;13.03467;80.15639
8A;"KUNDRATHUR BY PASS";07:20:00;12.99745;80.096192
8A;VANDALUR;07:30:00;12.879026;80.080709
8A;VIT;07:50:00;12.840658;80.153187
8B;KOVUR;07:10:00;13.010708;80.11441
8B;"KUNDRATHUR BY PASS";07:20:00;12.997442;80.0962
8B;VANDALUR;07:30:00;12.879026;80.080709
8B;VIT;07:50:00;12.840658;80.153187
9;"RAMAPURAM JUNCTION";06:35:00;13.007391;80.201431
9;DLF;06:37:00;13.023908;80.178369
9;"SARAVANA STORE (PORUR)";06:40:00;13.031949;80.16396
9;VANDALUR;07:30:00;12.879026;80.080709
9;VIT;07:50:00;12.840658;80.153187
9A;AYYAPPANTHANGAL;06:55:00;13.038283;80.134623
9A;KATTUPAKKAM;07:00:00;13.040927;80.127773
9A;"POONAMALLEE BYPASS ";07:20:00;13.05126;80.089625
9A;VANDALUR;07:30:00;12.879026;80.080709
9A;VIT;07:50:00;12.840658;80.153187
10;CMBT;06:35:00;13.069941;80.2046351
10;MMDA;06:37:00;13.065023;80.211326
10;"GST ROAD";06:47:00;12.997153;80.190727
10;VANDALUR;07:30:00;12.879026;80.080709
10;"VIT ";07:50:00;12.840658;80.153187
10A;VADAPALANI;06:50:00;13.046959;80.212389
10A;"NANGANALLUR PETROL BUNK";07:00:00;12.982964;80.190609
10A;MEENAMBAKKAM;07:05:00;12.986316;80.174667
10A;"PALLAVARAM  PETROL BUNK";07:10:00;12.969765;80.150299
10A;"CHROMPET - BUS STAND";07:15:00;12.951457;80.140386
10A;"CHROMPET - PARVATHI HOSPITAL";07:16:00;12.946107;80.136296
10A;VANDALUR;07:30:00;12.879026;80.080709
10A;"VIT ";07:50:00;12.840658;80.153187
11;"STERLING ROAD";06:25:00;13.065518;80.242178
11;"VALLUVAR KOTTAM";06:28:00;13.05374;80.242306
11;POTHYS(T.NAGAR);06:30:00;13.040304;80.231887
11;"VIT ";07:50:00;12.840658;80.153187
"11A ";"AYODHYA MANDAPAM";06:45:00;13.039688;80.221364
"11A ";"VELACHERY RAILWAY STATION";07:20:00;12.968126;80.218056
"11A ";PALLIKARANI;07:30:00;12.932824;80.204041
"11A ";"MEDAVAKKAM JUNCTION";07:35:00;12.916961;80.193635
"11A ";"VIT ";07:50:00;12.840658;80.153187
12;REDHILLS;06:05:00;13.193093;80.184212
12;KAVANKARAI;06:10:00;13.17023;80.199634
12;"PUZAL CAMP";06:15:00;13.158219;80.203782
12;SURAPET;06:20:00;13.144464;80.188363
12;KALIKUPPAM;06:25:00;13.13327;80.173786
12;PUDHUR;06:30:00;13.130754;80.159142
12;VANDALUR;07:30:00;12.879026;80.080709
12;VIT;07:45:00;12.840658;80.153187
12A;"AMBATTUR OT";06:35:00;13.119556;80.14996
12A;DUNLOP;06:45:00;22.652412;88.377252
12A;"AMBATTUR EXCHANGE";06:50:00;13.101528;80.161804
12A;VANDALUR;07:30:00;12.879026;80.080709
12A;VIT;07:45:00;12.840658;80.153187
13;MANDAVELI;06:25:00;13.026809;80.266083
13;"KALIYAPPA HOSPITAL";06:28:00;13.027104;80.255835
13;"MOOPANAR BRIDGE";06:30:00;13.027414;80.244763
13;"DEVAR  STATUE ";06:35:00;13.116531;80.254269
13;VIT;07:50:00;12.840658;80.153187
13A;"SAIDAPET ";06:40:00;13.0126;80.226961
13A;"GUINDY RACE COURCE ";06:45:00;13.008036;80.21325
13A;"ADAMBAKKAM POLICE BOOTH";06:55:00;12.991379;80.19448
13A;"NGO COLONY";06:58:00;12.989964;80.20647
13A;VIT;07:50:00;12.840658;80.153187
13B;"BALAJI DENTAL COLLEGE";07:10:00;12.94433;80.208284
13B;JEYACHANDRAN;07:15:00;12.921485;80.197165
13B;"MEDAVAKKAM JUNCTION";07:25:00;12.916911;80.193675
13B;"KALISWARY OIL MILL";07:30:00;12.903008;80.184415
13B;VIT;07:50:00;12.840658;80.153187
14;TRIPLICANE;06:15:00;13.058348;80.27671
14;ROYAPETTAH;06:20:00;13.046422;80.260436
14;"ALWARPET JUNCTION";06:30:00;13.035045;80.25456
14;"TTK ROAD, CHAMIERS ROAD JUNCTION";06:35:00;13.028642;80.250067
14;"VIT ";07:50:00;12.840658;80.153187
14A;GANDHIMANDAPAM;06:45:00;13.007467;80.236808
14A;"PHOENIX MALL";06:55:00;12.991022;80.219487
14A;"VELACHERY   100 FEET ROAD";07:10:00;12.975231;80.220799
14A;"VIT ";07:50:00;12.840658;80.153187
14B;"VELACHERY  BUS STAND";07:12:00;12.975946;80.221065
14B;VIJAYANAGAR;07:15:00;12.971201;80.218914
14B;"MEDAVAKKAM MAMBAKKAM JUNCTION";07:30:00;12.91693;80.193659
14B;"VIT ";07:50:00;12.840658;80.153187
15;TIRUVOTTIYUR;06:00:00;13.175109;80.306091
15;N-4;06:10:00;13.082122;80.168672
15;"KASIMADU SIGNAL";06:15:00;13.125531;80.294672
15;KALMANDAPAM;06:17:00;10.772457;76.672853
15;"BEACH STATION";06:18:00;13.094168;80.292199
15;"PARRY'S CORNOR";06:20:00;13.089205;80.290525
15;KELAMBAKKAM;07:35:00;12.792334;80.216716
15;VIT;07:50:00;12.840658;80.153187
"15A ";PARRY'S;06:20:00;13.084823;80.283362
"15A ";EZHILAGAM;06:25:00;13.064355;80.282063
"15A ";"KANNAGI STATUE";06:28:00;13.056783;80.281925
"15A ";"ALL INDIA RADIO";06:33:00;13.038944;80.278759
"15A ";KELAMBAKKAM;07:35:00;12.792302;80.216871
"15A ";VIT;07:50:00;12.840658;80.153187
15B;SANTHOME;06:35:00;13.02997;80.276825
15B;"SATHYA STUDIOS";06:45:00;13.016301;80.259822
15B;"ADYAR DEPOT";06:50:00;12.998804;80.256151
15B;THIRUVANMIYUR;06:55:00;12.987444;80.259176
15B;"SRP TOOLS";07:00:00;12.978549;80.252521
15B;THORAIPAKKAM;07:10:00;12.942028;80.236188
15B;SHOLINGANALLUR;07:20:00;12.898805;80.227931
15B;NAVALUR;07:30:00;12.844653;80.226811
15B;KELAMBAKKAM;07:35:00;12.792301;80.216843
15B;VIT;07:50:00;12.840658;80.153187
16;"BESANT NAGAR THEOSOPHICAL SOCIETY";06:40:00;13.007692;80.266572
16;"BESANT NAGAR";06:42:00;13.000843;80.26713
16;NEELANGARAI;06:43:00;12.956302;80.25514
16;SHOLINGANALLUR;07:45:00;12.898797;80.22793
16;"KELAMBAKKAM JUNCTION";07:30:00;12.792305;80.216862
16;"VIT UNIVERSITY";07:50:00;12.840658;80.153187
16A;VGP;07:05:00;12.913022;80.155284
16A;SHOLINGANALLUR;07:20:00;12.898797;80.227931
16A;PERUMBAKKAM;06:25:00;12.907867;80.198474
16A;MEDAVAKKAM;07:30:00;12.919736;80.18213
16A;"MAMBAKKAM JUNCTION";07:45:00;12.68427;79.397355
16A;"VIT UNIVERSITY";07:50:00;12.840658;80.153187
17;"KUTCHERY ROAD";06:20:00;13.034376;80.273227
17;LUZ;06:25:00;13.036978;80.266881
17;"MYLAPORE TANK";06:27:00;13.034305;80.268043
17;"MANDAVELI BSNL OFFICE";06:30:00;13.023044;80.263827
17;"ADYAR AAVIN";06:35:00;13.007937;80.259026
17;"TELEPHONE EXCHANGE ADYAR";06:40:00;13.000114;80.256366
17;"ADYAR DEPOT";06:42:00;12.998733;80.256126
17;"THIRUVANMIYUR JAYANTHI";06:45:00;12.989096;80.255945
17;"SRP TOOLS";06:50:00;12.978551;80.252643
17;VIT;07:50:00;12.840658;80.153187
"17A ";"TANSI NAGAR";06:50:00;12.978534;80.225314
"17A ";VELACHERY;06:55:00;12.975816;80.22125
"17A ";PALLIKARANAI;07:20:00;12.932946;80.203731
"17A ";MEDAVAKKAM;07:30:00;12.919734;80.182169
"17A ";VIT;07:50:00;12.840658;80.153187
18;"KUNDRATHUR ANDAR KUPPAM";06:40:00;12.997426;80.096452
18;"ANAGAPUTHUR BUS STAND";06:45:00;12.985101;80.123109
18;"SANKAR NAGAR";06:50:00;12.971078;80.12836
18;"CHROMPET BUS STAND";07:05:00;12.951441;80.140403
18;VANDALUR;07:30:00;12.879026;80.080709
18;"VIT ";07:50:00;12.840658;80.153187
18A;"PALLAVARAM MUNICIPALDITY";07:00:00;12.951748;80.137567
18A;"CHROMPET SARAVANA STORE";07:07:00;12.955961;80.143118
18A;"RAJENDRA PRASAD ROAD";07:12:00;12.941639;80.14422
18A;"BHARATHA MATHA STREET";07:15:00;12.928299;80.12692
18A;"MCC COLLEGE";07:16:00;12.923154;80.120892
18A;"VIT ";07:50:00;12.840658;80.153187
19;"NATRAJA THEATER";06:20:00;13.191961788294575; 80.18521453212603
19;"CHENNAI CORPORATION  (RIPON BUILDING)";06:25:00;13.081239;80.271749
19;"PANTHEON ROAD  ( EGMORE RAMADA HOTEL )";06:30:00;13.072147;80.259852
19;"DAILY THANTHI";06:35:00;13.080452;80.263535
19;AMINJIKARAI;06:45:00;13.07421;80.220789
19;VANDALUR;07:30:00;12.879026;80.080709
19;VIT;07:50:00;12.840658;80.153187
19A;SKYWALK;06:50:00;13.07412;80.220845
19A;NERKUNDRAM;06:55:00;13.073385;80.184838
19A;"MATHURAVOYAL  TOLL ";07:10:00;13.061206;80.163753
19A;VANDALUR;07:40:00;12.879026;80.080709
19A;VIT;07:50:00;12.840658;80.153187
20;"ADYAR AAVIN ";06:42:00;13.007951;80.259024
20;"ADAYAR TELEPHONE EXANGE";06:45:00;13.000112;80.256372
20;"THIRUVANMIYUR JAYANTHI";06:50:00;12.987718;80.254901
20;"SRP TOOLS";06:47:00;12.978544;80.252629
20;"PTC QUARTERS";06:50:00;12.941526;80.236337
20;NAVALUR;07:00:00;12.844758;80.226694
20;"KELAMBAKKAM JUNCTION";07:30:00;12.789791;80.22158
20;VIT;07:50:00;12.840658;80.153187
20A;"AMERICAN SCHOOL";06:55:00;12.981053;80.246661
20A;KANDANCHAVADI;07:00:00;12.965145;80.247459
20A;KARAPAKKAM;07:05:00;12.913464;80.22909
20A;"SHOLINGANALLUR JUNCTION";07:10:00;12.900904;80.228328
20A;"KELAMBAKKAM JUNCTION";07:30:00;12.789853;80.221594
20A;VIT;07:50:00;12.840658;80.153187
21;"CHENGALPATTU (GOVT. HOSPITAL)";06:55:00;12.683755;79.983198
21;S.P.KOIL;07:00:00;12.871212;79.937355
21;"MARAIMALAI NAGAR";07:20:00;12.799793;80.023183
21;KOTTANKULATHUR;07:25:00;12.809319;80.029397
21;"VIT ";07:50:00;12.840658;80.153187
21A;"MAHENDRA CITY";07:00:00;12.743454;79.992697
21A;POTHERY;07:10:00;12.820098;80.03672
21A;GUDUVANCHERI;07:30:00;12.845445;80.061442
21A;URAPAKKAM;07:40:00;12.864269;80.074266
21A;"VANDALUR ZOO";07:45:00;12.879026;80.080709
21A;"VIT ";07:50:00;12.840658;80.153187
22;"MUDICHUR (ATTA COMPANY)";06:45:00;12.915015;80.072197
22;"TAMBARAM HENKALA";06:55:00;12.928104;80.119364
22;"TAMBARAM  RLY STATION";07:00:00;12.926702;80.11799
22;IRUMBULIYUR;07:05:00;12.916636;80.106614
22;PEERKANKARANAI;07:07:00;12.908844;80.098579
22;PERUNGALATHUR;07:15:00;12.905615;80.095901
22;SADHANATHAPURAM;07:20:00;12.897977;80.107959
22;ALAPAKKAM;07:25:00;12.886823;80.107156
22;"NEDUKUNDRAM TVS";07:30:00;12.880193;80.108744
22;KOLAPAKKAM;07:35:00;12.870641;80.10661
22;KANDIGAI;07:40:00;12.85097;80.140569
22;VIT;07:45:00;12.840658;80.153187
22A;"MADRAS CHRISTIAN COLLEGE (MCC) ";07:00:00;12.92319;80.120806
22A;"CAMP ROAD";07:25:00;12.922457;80.143155
22A;"MAHALAKSHMI NAGAR";07:30:00;11.01211;77.297455
22A;"BHARATH UNIVERSITY";07:40:00;12.907163;80.142471
22A;MAPPEDU;07:45:00;12.891023;80.140697
22A;VIT;07:50:00;12.840658;80.153187
23;MOOLAKADAI;06:25:00;13.128598;80.241804
23;"MADHAVARAM ROUNDANA";06:30:00;13.14474;80.219529
23;RETTERI;06:35:00;13.134124;80.215827
23;"SENTHIL NAGAR";06:40:00;13.123377;80.202207
23;VANDALUR;07:40:00;12.879026;80.080709
23;"VIT ";07:50:00;12.840658;80.153187
23A;PADI;06:45:00;13.103095;80.194659
23A;"ANNA NAGAR WEST DEPOT";06:50:00;13.093661;80.198517
23A;VANDALUR;07:40:00;12.879026;80.080709
23A;"VIT ";07:50:00;12.840658;80.153187
24;"AMMA NANA";06:40:00;13.028769;80.249675
24;"MOOPPANAR BRIDGE";06:42:00;13.027495;80.244993
24;"KOTTURPURAM ";06:50:00;13.023194;80.242871
24;"MADHYA KAILASH";06:55:00;13.006461;80.246517
24;"SRP TOOLS";07:00:00;12.978401;80.252585
24;"KELAMBAKKAM JUNCTION";07:35:00;12.789848;80.221621
24;VIT;07:50:00;12.840658;80.153187
24A;SHOLINGANALLUR;07:20:00;12.898788;80.22788
24A;"PADUR HINDUSTAN COLLEGE";07:30:00;12.80111;80.223568
24A;"KELAMBAKKAM JUNCTION";07:35:00;12.789643;80.221458
24A;VIT;07:50:00;12.840658;80.153187
25;"RAM NAGAR";07:00:00;12.97154;80.212241
25;"POONNIAMMAN KOIL ";07:10:00;12.885711;80.226979
25;"UTI BANK";07:15:00;12.96595;80.188642
25;"MADIPAKKAM KOOT ROAD";07:25:00;12.96595;80.188642
25;VIT;07:50:00;12.840658;80.153187
25A;KEELKATTALAI;07:05:00;12.956166;80.186841
25A;KOVILAMBAKKAM;07:10:00;12.939489;80.18264
25A;VELLAKAL;07:15:00;12.931274;80.181645
25A;"MEDAVAKKAM  JUNCTION";07:20:00;12.916927;80.193476
25A;VIT;07:50:00;12.840658;80.153187
25B;"MEDAVAKKAM   ";07:20:00;12.919734;80.182162
25B;SITHALAPAKKAM;07:25:00;12.886296;80.188368
25B;PONMAR;07:30:00;12.85689;80.171861
25B;SBIOA;07:40:00;12.838287;80.169538
25B;MAMBAKKAM;07:42:00;12.827736;80.164825
25B;VIT;07:45:00;12.840658;80.153187
26;SANTHOSAPURAM;07:10:00;12.919973;80.170905
26;SEMBAKKAM;07:13:00;12.923301;80.159828
26;KAMARAJAPURAM;07:15:00;12.923309;80.154537
26;"MADAMBAKKAM JUNCTION";07:35:00;12.827676;80.165138
26;VIT;07:55:00;12.840658;80.153187
26A;RAJAKILPAKKAM;07:20:00;12.921674;80.152059
26A;"SUDHARSHAN NAGAR";07:25:00;12.90857;80.157295
26A;KOZHIPANNAI;07:30:00;12.903179;80.158512
26A;"MADAMBAKKAM JUNCTION";07:35:00;12.684334;79.397417
26A;VIT;07:55:00;12.840658;80.153187
27;"ASHOK PILLAR";06:55:00;13.033605;80.212067
27;"KASI THEATRE";07:00:00;13.02962;80.208979
27;"EKKATU THANGAL";07:02:00;13.019632;80.20638
27;"ALANDUR METRO";07:05:00;13.004298;80.201176
27;MAMBAKKAM;07:40:00;12.827743;80.165172
27;VIT;07:45:00;12.840658;80.153187
27A;"NGO COLONY";07:00:00;12.989471;80.205008
27A;"BALAJI DENTAL COLLEGE";07:15:00;12.944351;80.208295
27A;PALLIKARANAI;07:25:00;12.932827;80.204035
27A;"JEYACHANDRAN TEXTILES";07:28:00;12.921461;80.197171
27A;MAMBAKKAM;07:40:00;12.827676;80.165138
27A;VIT;07:45:00;12.840658;80.153187
28;NATHAMUNI;06:20:00;13.103493;80.202196
28;ICF;06:25:00;13.099705;80.214474
28;"GANDHI HOSPITAL";06:27:00;13.094804;80.218498
28;"K4 POLICE STATION";06:30:00;13.09276;80.218402
28;"18TH MAIN ROAD";06:35:00;13.094741;80.203356
28;"AAVIN BOTH";06:40:00;13.077139;80.225122
28;THIRUMANGALAM;06:40:00;13.0871;80.198152
28;"GOLDEN FLATS";06:40:00;13.088122;80.179176
28;"NOLAMBUR BYE PASS";06:45:00;13.077478;80.161308
28;VANDALUR;07:30:00;12.879026;80.080709
28;VIT;07:50:00;12.840658;80.153187
28A;MUGAPPAIR;06:40:00;13.088629;80.170109
28A;"GOLDEN FLATS";06:45:00;13.088301;80.178453
28A;"NOLAMBUR BYE PASS";06:50:00;13.080414;80.161153
28A;"PORUR TOLL GATE";07:00:00;13.043454;80.149378
28A;VANDALUR;07:30:00;12.879026;80.080709
28A;VIT;07:50:00;12.840658;80.153187
29;KALPAKKAM;06:00:00;12.534792;80.163227
29;VENGAMBAKKAM;06:10:00;12.548687;80.143472
29;"MAHABALIPURAM KOOT ROAD(POONCHERY)";06:45:00;12.614772;80.171842
29;PAIYANUR;06:50:00;12.608284;80.154059
29;ALATHUR;06:55:00;12.699531;80.182886
29;THANDALAM;07:00:00;12.715898;80.187842
29;"THIRUPORUR BUS STAND";07:05:00;12.721973;80.187219
29;"S.S.N COLLEGE";07:15:00;12.751042;80.203948
29;KELAMBAKKAM;07:30:00;12.786399;80.220317
29;MAMBAKKAM;07:40:00;12.827583;80.164961
29;VIT;07:50:00;12.840658;80.153187
30;"THIRUVALLUR BUS STAND";06:10:00;13.040955;80.268261
30;PUTTLUR;06:30:00;13.123785;79.938358
30;SEVAPATET;06:35:00;13.120642;79.962452
30;"VEPPAMPATTU RLY.";06:45:00;13.124881;79.997105
30;THIRUNINDRAVUR;06:50:00;13.12471;80.032546
30;"JAYA SCHOOL BUS STOP";07:00:00;13.125089;80.043632
30;"RING ROAD JUNCTION";07:15:00;13.047459;80.080811
30;VANDALUR;07:35:00;12.879026;80.080709
30;VIT;07:50:00;12.840658;80.153187
31;KANCHIPURAM;06:10:00;12.836161;79.704929
31;WALAJABAD;06:30:00;12.792595;79.81755
31;ORAGADAM;06:45:00;12.851343;79.942526
31;PADAPAI;07:00:00;12.886443;80.021603
31;KARASANGAL;07:10:00;12.894345;80.046883
31;"MANNIVAKKAM JUNCTION";07:15:00;12.894597;80.063577
31;VANDALUR;07:30:00;12.879026;80.080709
31;VIT;07:45:00;12.840658;80.153187
32;THIRUVANMIYUR;06:40:00;12.987362;80.25862
32;KOTTIVAKKAM;06:50:00;12.969406;80.257735
32;PALAVAKKAM;06:55:00;12.960986;80.256185
32;NEELANKARAI;07:00:00;12.949628;80.254855
32;AKKARI;07:05:00;12.904014;80.249023
32;MGM;07:10:00;12.910562;80.249989
32;MUTTUKADU;07:15:00;12.832041;80.240529
32;KOVALAM;07:20:00;12.776967;80.248984
32;KELAMBAKKAM;07:30:00;12.789835;80.221605
32;VIT;07:45:00;12.840658;80.153187
33;MADHYAKAILASH;06:50:00;13.006781;80.2468
33;"SRP TOOLS";06:55:00;12.980315;80.25161
33;KANDANCHAVADI;07:00:00;12.965148;80.247456
33;THORAIPAKKAM;07:05:00;12.942035;80.236185
33;SHOLINGANALLUR;07:10:00;12.898793;80.227931
33;"KUMARAN NAGAR";07:15:00;13.126342;80.227644
33;NAVALUR;07:20:00;12.844737;80.226467
33;PADUR;07:25:00;12.805312;80.224102
33;KELAMBAKKAM;07:30:00;12.789834;80.221608
33;VIT;07:45:00;12.840658;80.153187
34;"VIJAYANAGAR JUNCTION";06:45:00;12.975375;80.220614
34;"KAIVELI JUNCTION";06:50:00;12.963662;80.215367
34;"BALAJI DENTAL COLLEGE";07:00:00;12.944341;80.208436
34;PALLIKARANAI;07:05:00;12.932829;80.204043
34;MEDAVAKKAM;07:10:00;12.919785;80.182062
34;MAMBAKKAM;07:30:00;12.827724;80.165144
34;VIT;07:45:00;12.840658;80.153187
35;"KAIVELI JUNCTION";06:50:00;12.963662;80.215367
35;"BALAJI DENTAL COLLEGE";07:00:00;12.944341;80.208436
35;PALLIKARANAI;07:05:00;12.932829;80.204043
35;MEDAVAKKAM;07:15:00;12.919785;80.182062
35;CHITALAPAKKAM;07:25:00;12.936279;80.147064
35;"CHITALAPAKKAM KOOT ROAD";07:27:00;12.897529;80.18199
35;MAMBAKKAM;07:30:00;12.827724;80.165144
35;VIT;07:45:00;12.840658;80.153187
36;"MADHAVARAM ROUNDANA";06:30:00;13.144639;80.219592
36;RETTERY;06:35:00;13.132103;80.212327
36;"SENTHIL NAGAR";06:40:00;13.123498;80.20203
36;PADI;06:45:00;13.102793;80.194599
36;THIRUMANGALAM;06:50:00;13.08712;80.198155
36;"ROHINI THEATRE";06:55:00;13.07502;80.195446
36;MADURAVOYAL;07:05:00;13.06123;80.162903
36;"PORUR TOLL";07:15:00;13.043425;80.149741
36;VIT;07:45:00;12.840658;80.153187
37;"ANNA NAGAR ROUNDTANA";06:40:00;13.085045;80.21814
37;THIRUMANGALAM;06:45:00;13.087132;80.198241
37;VIT;07:45:00;12.840658;80.153187
38;"GOLDEN FLATS";06:50:00;13.088292;80.178398
38;WAVIN;06:55:00;13.088614;80.171601
38;NOLAMBUR;07:00:00;13.072103;80.167241
38;VIT;07:45:00;12.840658;80.153187
39;"NANGANALLUR J.K MAHAL";06:50:00;12.976215;80.183264
39;"NANGANALLUR PARK";06:55:00;12.970546;80.183707
39;MEENAMBAKKAM;07:00:00;12.986318;80.174669
39;PALLAVARAM;07:05:00;12.969266;80.150064
39;"CHROMPET ";07:10:00;12.951388;80.140323
39;TAMBARAM;07:15:00;12.926492;80.117787
39;IRUMBULIYUR;07:20:00;12.91665;80.106641
39;PERUNGALATHUR;07:25:00;12.905615;80.095901
39;"VANDALUR GATE";07:35:00;12.892191;80.08578
39;VIT;07:45:00;12.840658;80.153187
40;"AVADI BUSSTAND";06:30:00;13.181207;80.100435
40;"MURUGAPPA POLYTECHNIC";06:45:00;13.125423;80.118047
40;"VAISHNAVI NAGAR";06:50:00;13.129596;80.125021
40;THIRUMULLAIVOYAL;06:55:00;13.130798;80.133158
40;"AMBATTUR OT.";07:00:00;13.119771;80.149919
40;"AYAPAKKAM JUNCTION";07:15:00;13.107363;80.131346
40;"AMBATTUR TELEPHONE EXANGE.";07:20:00;13.101643;80.162003
40;VIT;07:45:00;12.840658;80.153187
41;"DLF APTS";07:00:00;12.873073;80.206802
41;"BOLLINENI HILLS ";07:05:00;12.885219;80.2038
41;"SITHALAPAKKAM KOOT ROAD";07:25:00;12.882037;80.192439
41;"SITHALAPAKKAM HOUSING BOARD";07:30:00;12.891147;80.17577
41;MAMBAKKAM;07:40:00;12.827724;80.165144
42;"THILLAI GANGA NAGAR SUBWAY";07:07:00;12.992887;80.19351
42;"VANUVAMPET CHURCH";07:10:00;12.981636;80.195737
42;"ADAMBAKKAM POLICE BOOTH";07:12:00;12.989342;80.201808
42;"BALAJI DENTAL COLLEGE";07:22:00;12.944341;80.208436
42;PALLIKARANI;07:25:00;12.932829;80.204043
42;"JEYACHANDRAN TEXTILES";07:28:00;12.921385;80.197136
42;VIT;07:50:00;12.840658;80.153187
AF1;"VIT ";13:45:00;12.840658;80.153187
AF1;VANDALUR;14:00:00;12.879026;80.080709
AF1;PERUNGALATHUR;14:05:00;12.905615;80.095901
AF1;TAMABARM;14:15:00;12.936581;80.127358
AF2;VIT;13:45:00;12.840658;80.153187
AF2;"VANDALUR GATE";14:00:00;12.892265;80.085593
AF2;PERUNGALATHUR;14:05:00;12.905615;80.095901
AF2;IRUMBULIYUR;14:10:00;12.905615;80.095901
AF2;TAMBARAM;14:15:00;12.936581;80.127358
AF2;"CHROMPET ";14:20:00;12.951459;80.140176
AF2;PALLAVARAM;14:30:00;12.968942;80.149693
AF2;MEENAMBAKKAM;14:35:00;12.986499;80.174624
AF2;"NANGANALLUR PETROL BUNK";14:40:00;12.993936;80.185254
AF2;"ALANTHUR METRO";14:50:00;13.003944;80.200878
AF3;VIT;13:45:00;12.840658;80.153187
AF3;KELAMBAKKAM;14:00:00;12.789834;80.221608
AF3;PADUR;14:05:00;12.805331;80.224004
AF3;NAVALUR;14:10:00;12.844739;80.226566
AF3;"KUMARAN NAGAR";14:15:00;12.877552;80.226812
AF3;SHOLINGANALLUR;14:20:00;12.898815;80.227734
AF4;VIT;13:45:00;12.840658;80.153187
AF4;MAMBAKKAM;13:50:00;12.827745;80.165147
AF4;SBIOA;13:55:00;12.837386;80.169209
AF4;"CHITALAPAKKAM KOOT ROAD";14:05:00;12.897473;80.181942
AF4;CHITALAPAKKAM;14:15:00;12.909576;80.191161
AF4;MEDAVAKKAM;14:20:00;12.916443130222728;80.19225033005662
AF4;PALLIKARANAI;14:30:00;12.933762;80.203799
AF4;"BALAJI DENTAL COLLEGE";14:35:00;12.944351;80.208294
AF4;"VIJAYANAGAR JUNCTION";14:45:00;12.974873;80.220373
